AWS Account ID,Month,OpenSearch Service($),SageMaker($),QuickSight($),Transcribe($),Bedrock($),Key Management Service($),GuardDuty($),Config($),S3($),CloudWatch Events($),DynamoDB($),Lambda($),Glacier($),CloudTrail($),Secrets Manager($),SNS($),SQS($),CloudFormation($),CloudShell($),Step Functions($),X-Ray($),Polly($),Textract($),CloudWatch($),Security Hub($),Redshift($),Elastic Beanstalk($),Kinesis($),Athena($),API Gateway($),Total costs($)
12345678901,Service total,437.09,955.64,758.79,638.79,240.42,240.4,152.28,879.56,641,737.27,118.53,972.92,849.2,291.11,263.64,265.06,373.82,572.28,488.75,362.11,650.67,225.54,362.93,429.73,510.46,806.66,279.71,562.81,633.17,141.81,14842.13
12345678901,3/1/25,307.7,93.56,41.88,474.95,483.16,406.11,159.26,57.86,345.27,225.67,69.8,252.64,26.85,455.57,136.8,334.64,162.74,264.83,277.89,100.58,485.1,389.82,470.35,448.47,302.97,461.72,53.36,106.03,32.16,169.41,7597.14
12345678901,1/30/25,142.96,416.08,184.81,147.66,275.92,79.05,403.08,46.53,493.57,388.4,107.37,12.71,409.58,356.36,367.21,387.92,46.28,185.65,66.78,432.92,315.42,172.14,41.14,162.38,169.34,367.51,322.4,444.73,241.39,68.6,7255.89
12345678901,12/31/24,382.78,285.03,387.77,251.96,266.14,219.5,22.46,62.87,25.4,321.84,164.03,259.2,454.71,132.15,211.09,380.22,122.11,47.72,151.98,89,465.55,405.98,320.37,437.02,403.8,101.42,447.35,274.28,405.65,449.08,7948.45
12345678901,12/1/24,63.93,121.69,219.28,410.83,431.76,13.41,260.27,214.53,118.83,68.73,175.43,472.03,168.37,264.21,354.48,188.18,486.17,481.6,133.37,253.65,157.43,149.57,28.07,308.69,256.31,35.22,146.54,455.05,127.39,81,6646.01
12345678901,11/1/24,492.97,128.61,339.35,383.19,126.44,366.83,190.21,319.83,320.43,272.53,54.24,419.3,167.18,101.39,29.98,299.54,342.01,18.13,260.93,120.98,326.13,95.44,348.56,199.5,469,77.39,177.12,65.6,463.1,439.9,7415.8
12345678901,10/2/24,333.39,410.44,282.05,269.53,128.51,55.62,449.64,451.2,320.22,176.12,181.11,365.72,449.58,444.67,392.14,324.6,51.23,89.2,450.29,307.15,14.51,59.72,335.12,12.48,88.8,278.88,349.03,329.46,119.89,358.97,7879.26
12345678901,9/2/24,169.45,375.78,328.32,426.12,332.23,288.47,55.9,190.18,139.95,129.55,486.78,202.62,447.1,319.26,399.46,256.29,292.68,251.33,105.67,364,147.58,21.91,326.28,96.78,470.82,477.43,458.28,191.38,17.57,464.88,8234.06
12345678901,8/3/24,483.66,482.17,427.97,154.28,198.7,427.06,165.29,93.05,282.83,468.72,351.05,289.33,57.62,311.35,495.13,78.64,263.98,439.91,372.98,351.54,354.22,186.15,153.86,406.59,406.96,434.87,457.49,260.56,255.74,401.16,9512.86
12345678901,7/4/24,353.96,399.94,446.1,175.62,194.04,56.05,293.36,27.61,238.14,275.9,150.41,299.51,24.95,28.3,413.07,186.49,72.26,265.9,387.3,115.75,315.22,51.82,35.32,270.36,274.91,322.34,365.78,488.17,262.99,168.25,6959.82
12345678901,6/4/24,142.71,225.1,48.44,22.42,481.7,2419.53,351.03,210.39,94.91,86.65,775.13,279.12,360.15,333.5,147.17,1998.73,1316.99,281.63,309.74,215.6,131.39,184.43,381.34,17.05,66.88,32.54,29.96,429.18,354.79,242.35,11970.55
12345678901,5/5/24,453.62,105.94,43.99,59.38,18.93,56.28,344.67,44.88,166.3,423.99,21.4,409.09,148.11,67.9,351.4,318.18,439.96,370.18,403.71,148.2,96.95,377.8,405.35,495.35,212.18,192.29,390.44,176.99,466.07,430.62,7640.15
12345678901,4/5/24,377.93,379.73,60.53,452.25,257.57,414.96,166.82,448.81,200.71,15.31,453.64,54.73,166.46,475.53,475.8,290.98,319.6,229.74,153.67,171.05,339.53,378.66,397.87,396.91,54.69,252.27,38.2,279.27,226.35,444.98,8374.56
12345678901,3/6/24,67.36,80.07,383.14,312.93,59.55,51.21,353.47,45.65,412.71,356.06,49.86,51.57,493.45,193.39,191.61,1170.61,474.15,493.14,379.16,194.37,50.92,390.8,283.62,217.87,454.11,64.49,251.39,15.56,239.64,37.59,7819.46
12345678901,2/5/24,154.3,497.96,351.49,198.26,371.18,458.47,479.76,38.35,203.32,62.31,174.47,93.14,326.96,869.21,122.4,793.12,186.57,137.38,232.09,25.83,147.08,211.49,305.36,142.77,75.26,47.34,470.86,214.15,294.77,460.4,8146.07
12345678901,1/6/24,365.8,380.97,195.15,128.13,110.47,133.21,144.62,111.54,440.33,380.93,32.98,141.65,20.87,254.1,243.34,417.37,160.81,410.03,484.31,53.32,397.99,299.08,245.22,216.06,394.49,323.29,404.47,452.54,312.46,490.43,8145.96
12345678901,12/7/23,321.96,281.86,54.59,365.93,278.25,230.95,456.13,156,266.57,351.84,400.27,235.08,422.62,386.77,42.46,32.47,314.19,180.23,112.47,294.03,177.37,273.26,235.46,296.54,206.15,351.86,98.23,351.29,211.71,438.42,7824.95
12345678901,11/7/23,486.82,304.95,119.69,412.68,179.09,180.33,25.58,278.87,271.87,184.44,448.17,73.09,171.75,167.58,55.22,245.76,347.01,260.71,86.92,194.87,11.27,435.47,51.41,302.67,493.27,272.93,462.78,125.7,382.38,270.32,7303.58
12345678901,10/8/23,40.55,82.39,75.23,346.71,423.78,377.31,24.93,434.94,183.53,204.61,61.39,371.33,99.32,286.34,421.95,53.71,272.31,124.28,178.03,242.25,184,327.92,245,296.26,371.04,283.29,297.4,286.58,195.6,175.35,6967.33
12345678901,9/8/23,307.7,129.73,254.14,171.87,467.51,13.69,120.41,189.02,249.03,426.9,53.06,404.87,37.27,422.73,35.3,18.94,351.51,498.66,449.34,292.24,459.52,12.6,487.78,250.47,364.22,412.22,362.04,272.17,243.54,420.91,8179.41
12345678901,8/9/23,484.32,358.37,107.76,370.76,269.62,356.54,386.21,52.77,257.99,466.69,167.11,301,190.92,232.59,278.82,278.97,108.85,345.44,53.06,78.02,11.33,67.18,241.85,306.99,399.2,62.28,426.86,375.53,210.17,467.14,7714.35
12345678901,7/10/23,110.45,195.82,463.96,363.58,33.57,392.94,415.69,377.75,401.77,414.32,101.34,125.49,320.54,454.85,164.94,298.27,344.66,231.45,359.75,450.84,315.81,274.49,224.98,292.97,184.13,201.83,270.61,42.64,122.22,276,8227.67
12345678901,6/10/23,173.08,367.97,349.92,91.7,440.53,252.76,373.32,290.84,498.87,378.68,356.42,391.5,80.13,110.23,359.89,252.05,379.77,60.43,272.88,195.62,233.93,305.94,256.12,274.53,248.32,210.39,388.22,15.98,303.24,287.1,8200.35
12345678901,5/11/23,303.52,415.13,479.95,177.84,121.4,217.56,151.09,311.33,456.81,78.17,59.39,135.45,365.79,300.55,60.08,460.19,397.14,21.28,329.17,387.91,193.47,43.77,47.89,61.08,421.82,456.24,70.18,125.59,91.11,101.3,6842.18
12345678901,4/11/23,172.75,162.61,121.42,307.87,195.86,374.68,110.73,396.02,305.82,65.99,213.11,433.12,462.25,238.19,245.61,460.04,297.66,26.09,457.25,131.63,293.04,91.1,26.6,162.62,392.44,146.02,117.85,114.21,262.44,488.02,7273.06
12345678902,Service total,601.57,874.57,581.56,266.02,369.64,378.94,457.59,484.11,819.8,414.45,521.41,662.48,439.95,852.91,628.71,364.64,742.65,574.88,581.01,532.98,547.31,788.82,192.68,400.93,167.95,777.92,345.07,907.69,573.92,820.67,16672.84
12345678902,3/1/25,489.68,421.5,434.83,209.91,280.34,134.41,106.1,257.7,301.57,176.24,289.03,444.86,282.79,363.2,404.6,494.48,305.57,405.36,481.7,472.76,79.13,209.13,168.76,52.59,320.29,370.59,425.58,70.16,439.46,325.03,9217.34
12345678902,1/30/25,456.21,316.13,174.57,414.3,187.9,26.77,417.02,179.14,389.18,187.75,431.92,117.56,487.53,392.08,65.98,287.23,492.83,240.82,99.23,247.54,261.1,373.43,352.43,207.25,116.83,326.08,216.63,74.82,451.28,348.7,8340.26
12345678902,12/31/24,413.07,269.53,409.38,254.06,42.92,208.57,253.76,362.9,62.22,78.61,139.21,140.58,368.77,132.86,320.22,252.19,290.91,420.67,208.15,387.75,216.8,183.4,479.73,100.34,54.27,387.78,43.44,420.17,224.22,458.6,7585.08
12345678902,12/1/24,309.1,475.16,204.36,477.5,76.15,247.04,142.26,274.52,89.39,422.35,424.74,478.07,85.79,315.43,242.38,178.75,182.25,212.27,355.41,303.16,235.24,47.21,48.11,11.15,484.17,12.57,60.52,164.15,405.64,481.43,7446.26
12345678902,11/1/24,348.37,265.44,52.49,479.5,381.61,323.09,381.93,364.81,322.24,490.48,452.65,326.87,349.66,35.28,338.26,31.64,298.25,499.68,282.35,241.87,163.3,69.06,368.2,104.37,66.49,216.66,399.72,375.08,36.89,233.02,8299.26
12345678902,10/2/24,325.83,328.58,188.7,284.73,245.72,443.65,269.83,226.11,208.2,290.49,403.95,273.82,334.21,371.55,264.88,219.14,439.57,214.58,236.35,495.27,10.12,100.88,198.14,466.97,44.31,14.65,35.82,53.39,28.42,245.09,7262.94
12345678902,9/2/24,143.13,205.16,54.93,174.82,266.03,368.81,11.64,238.98,155.53,427.88,360.62,298.66,145.86,456.07,32.1,63.64,201.9,70.97,478.64,401.01,136.9,298.39,491.34,443.26,304.39,452.82,494.7,374.24,41.84,206.77,7801.08
12345678902,8/3/24,122.98,417.01,68.97,33,198.2,28,479.06,414.84,402.38,318.59,116,263.95,302.66,267.27,137.51,262.47,250.68,498.2,449.74,237.06,315.24,376.46,27.08,448.51,431.46,234.14,201.67,143.75,243.57,31.74,7722.22
12345678902,7/4/24,27.36,171.24,466.48,370.25,147.88,133.8,12.49,350.9,33.9,270.98,481.44,63.64,448.3,495.82,40.14,442.62,262.88,454.19,289.95,334.43,276.45,433.6,369.62,265.42,435.4,130.19,87.1,88.6,173.66,126.96,7685.68
12345678902,6/4/24,61.86,352.51,102.72,442,481.04,238.08,440.75,12.52,411.77,122.03,455.26,10.55,282.53,380.75,136.76,104.64,51.21,169.95,284.32,66.76,194.58,14.45,411.15,72.94,148.84,19.03,221.8,421.66,202.15,97.95,6412.56
12345678902,5/5/24,396.52,95.14,387.72,474.18,91.53,387.78,357.2,242.05,38.38,46.6,427.68,495.17,341.27,228.52,327.31,301.25,197.97,42.16,412.54,192.2,411.2,133.73,10.5,87.88,239.58,472.71,60.07,428.56,268.24,414.7,8010.35
12345678902,4/5/24,421.57,388.68,122.73,74.35,435.35,481.99,25.34,368.32,455.67,430.11,482.62,382.45,226.73,162.86,167.16,364.97,375.46,108.18,435.38,360.31,285.75,241.05,276.18,88.03,109.81,54.67,85.29,232.31,269.87,18.75,7931.93
12345678902,3/6/24,154.14,456.8,484.08,100.87,236.43,10.6,303.18,307.58,131.29,283.62,120.51,415.74,329.24,169.7,299.23,222.29,492.33,83.29,237.65,343.42,203.82,487.6,363.72,331.92,380.96,476.8,454.83,364.9,377.09,176.43,8800.11
12345678902,2/5/24,476.26,70.87,449.15,301.44,312.14,310.34,156.43,468.25,474.2,316.4,393.88,310.01,247.36,333.8,280.97,302.76,394.08,245.64,29.97,90.36,224.92,365.17,300.71,328.64,244.85,311.71,171.22,240.39,374.7,437.2,8963.8
12345678902,1/6/24,31.39,89.22,20.22,330.1,172.83,275.81,251.71,49.95,207.6,118.07,215.02,109.75,421.82,95.35,480.78,213.79,424.66,318.09,370.32,386.18,257.37,276.22,261.86,298.15,24.4,203.8,307.03,302.88,398.55,330.95,7243.92
12345678902,12/7/23,149.09,185.98,198.09,238.25,419.64,125.54,390.24,208.6,304.91,319.94,192.7,261.18,212.39,43.88,224.21,57.72,208.46,300.53,293.91,334.68,56.68,329.54,162.95,205.53,430.41,14.42,298.32,303.37,204.36,126.14,6801.68
12345678902,11/7/23,443.02,226.59,172.14,229.9,338,81.42,230.22,298.06,2779.22,133.74,186.03,195.89,306.71,184.8,271.42,1187.58,1044.95,228.72,433.47,283.49,274.55,26.75,493.48,70.26,123.25,35.33,323.6,120.1,98.21,53.39,10874.3
12345678902,10/8/23,334.2,489.53,193.41,18.58,129.63,417.13,433.66,386.57,65.42,399.8,460.15,304.3,471.03,415.15,336.82,292.82,180.8,88.05,306.43,165.87,434.55,496.74,378.69,54.34,151.46,63.46,328.75,384.94,463.58,224.7,8870.57
12345678902,9/8/23,440.17,165.43,435.76,194.08,155.47,328.05,170.91,318.8,308.82,286.09,196.41,278.76,302.28,277.39,227.77,17.19,297.66,92.54,324.86,382.08,255.22,275.76,476.22,425.11,457.98,408.75,63.37,83.01,268.05,130.57,8044.51
12345678902,8/9/23,203.24,279.21,375.97,360.59,265.4,412.97,221.12,449.39,44.93,477.78,330.8,196.24,106.61,244.8,105.33,91.5,312.5,266.31,338.35,465.51,270.81,294.66,53.92,361.64,205.95,488.6,413.36,266.02,70.38,431.11,8404.99
12345678902,7/10/23,100.45,154.69,398.77,100.76,459.7,218.02,52.65,409.72,193.02,267.98,65.03,11.27,322.61,262.44,300.83,398.93,326.84,95.64,186.78,453.89,387.27,282.75,135.27,158.01,368.66,427.08,339,406.67,385.66,83.35,7753.73
12345678902,6/10/23,84.96,125.27,435.94,241.72,272.33,97.44,163.01,122.82,111.03,322.6,135.87,319.69,38.64,79.47,144.52,302.55,341.16,226.93,228.44,365.01,17.75,177.13,411.17,305.58,175.24,453.71,388.59,139.8,326.19,301.92,6856.48
12345678902,5/11/23,189.81,178.34,312.41,226.78,417.61,338.11,44.27,323.68,142.86,300.48,343.26,123.11,233.86,103.26,35.65,195.45,187.84,497.79,228.71,173.45,294.43,53.5,481.22,321.13,379.87,93.53,210.64,217.12,412.69,10.61,7071.46
12345678902,4/11/23,490.81,242.69,197.44,68.72,487.34,19.81,371.22,386.61,129.39,339.06,55.54,135.95,396.07,433.7,308.16,258.35,88.06,40.92,67.65,121.41,177.42,196.65,179.7,127.14,259.76,414.39,147.05,471.77,437.93,89.26,7139.98
12345678903,Service total,617.13,609.92,451.94,551.04,457.46,585.76,665.16,706.87,579.23,749.28,227.15,290.78,836.86,390.28,120.6,238.41,301.25,961.59,615.74,939.46,617.65,531.42,382.35,645.73,225.28,908.44,846.4,385.78,957.52,842.68,17239.15
12345678903,3/1/25,336.49,69.66,244.33,257.99,123.95,49.18,390.59,69.8,301.2,468.86,439.29,754.07,1569.71,10.16,18.67,1321.31,188.75,199.37,286.58,103.97,113.76,247.45,379.58,313.55,155.7,220.87,93.63,46.57,997.66,140.04,9912.75
12345678903,1/30/25,343.68,102.95,313.28,168.52,418.81,318.36,107.44,41.66,30.89,191.99,140.27,326.58,254.67,140.35,83.13,72.33,433.68,129.3,329.34,407.24,310.9,431.19,202.27,478.55,75.24,60.05,332.76,471.99,406.35,47.44,7171.21
12345678903,12/31/24,465.86,134,392.77,414.31,252.77,199.31,230.56,121.21,445.8,230.8,442.41,61.79,494.25,227.2,33.44,28.63,375.64,332.93,403.04,61.63,27.43,259.2,199.92,236.35,495.88,485.67,471.73,394.08,183.87,211.94,8314.46
12345678903,12/1/24,416.96,43.67,217.91,50.48,262.18,450.46,393.42,121.64,488.24,337,15.11,135.15,137.75,43.93,480.31,244.35,448.95,167.89,71.36,242.42,65.84,248.15,460.95,265.18,312.08,86.75,31.43,64.3,303.28,56.56,6663.7
12345678903,11/1/24,279.55,200.44,90.21,144.16,464.88,341.23,253.06,16.23,496.28,339.01,165.29,440.84,136.63,276.57,321.67,118.32,489.41,376.61,283.33,98.49,36.39,166.83,379.06,141.97,274.38,366.69,62.89,345.8,55.02,482.91,7644.17
12345678903,10/2/24,83.83,177.77,212.57,381.51,374.28,309.85,61.91,84.27,55.94,292.81,439.8,222.56,88.82,283.44,407.76,373.44,441.91,146.17,105.04,441.11,332.2,162.36,373.75,409.41,311.34,347.06,193.88,273.96,266.84,425.54,8081.13
12345678903,9/2/24,418.01,15.41,377.28,381.75,342.41,380.57,422.57,240.46,256,71.11,198.83,325.25,392.4,116.43,77.53,334.89,10.92,97.4,24.24,91.77,98.85,199.96,207.14,438.39,259.95,364.47,61.03,120.46,354.44,35.87,6715.8
12345678903,8/3/24,303.69,305.05,21.24,167.83,321.88,83.01,350.75,375.5,491.16,112.82,414.31,264.95,193,69.96,370.4,125.57,192,40.65,402.67,385.63,369.47,156.73,95.01,322.4,253.12,97.34,346.1,495.65,376.14,372.59,7876.63
12345678903,7/4/24,109.44,287.12,490.03,90.99,353.12,297.05,297.37,351.86,465.51,393.47,37.51,427.84,120.52,194.69,236.25,245.64,223.24,469.3,355.95,319.27,34.42,452.92,455.6,392.3,13.44,38.07,120.36,74.36,205.43,462.09,8015.16
12345678903,6/4/24,16.57,148.55,31.85,27.78,145.1,145.05,395.69,487.67,191.89,220.15,423.95,141.39,86.63,428.01,32.79,313.65,285.38,179.5,164.44,388.21,52.35,126.02,368.9,278.68,72.71,442.25,202.79,415.66,395.98,315.97,6925.55
12345678903,5/5/24,489.98,81.03,365.33,103.68,175.75,161.26,474.05,484,99.68,20.8,362.8,214.82,53.53,345.04,277.1,490.45,121.43,207.95,275.85,397.93,278.93,310.32,120.81,424.99,220.03,79.07,335.45,115.88,57.81,432.37,7578.14
12345678903,4/5/24,377.15,152.39,395.62,64.85,184.43,489.25,399.05,253.66,176.49,437.35,276.98,381.63,379.51,18.79,71.86,333.22,89.19,135.19,473.85,284.49,377.86,283.41,280.73,56.13,178.39,148.39,201.46,401.19,192.25,231.33,7726.09
12345678903,3/6/24,55.77,226.13,105.85,101.49,56.08,184.77,381.17,145.46,163.05,324.91,105.96,2675.6,264.89,229.33,283.33,91.36,310.6,187.92,1098.42,92.74,258.46,303.08,26.36,188.21,368.99,411.98,163.45,401.31,484.2,2165.82,11856.67
12345678903,2/5/24,451.64,329.32,163.89,134.62,411.44,441.11,267.46,129.73,65.34,52.72,362.35,215.86,453.63,372.44,103.72,310.75,223.4,292.85,371.65,405.04,423.43,134.45,25.25,372.25,62.11,164.31,11.87,344.02,91.89,331.09,7519.61
12345678903,1/6/24,45.61,47.77,176.79,434.53,115.61,186.59,43.57,383.95,210.07,382.03,452.77,124.05,405.62,38.96,450.44,328.88,438.37,10.09,92.85,200.98,195.96,121.1,196.99,73.14,212.25,403.15,244.74,18.82,216.51,23.32,6275.49
12345678903,12/7/23,72.45,356.77,486.66,414.76,352.66,421.34,491.08,314.46,284,317.84,271.01,321.19,230.42,117.04,68.92,43.49,139.02,32.6,287.91,149.08,414.02,46.38,120.91,367.82,303.42,41.6,439.85,439.86,171.9,176.8,7695.26
12345678903,11/7/23,316.83,270.35,420.69,149.79,220.3,141.21,396.69,290.94,332.82,133.63,117.91,249.3,371.41,267.37,26,435.59,41.7,478.35,22.32,350.28,50.28,456.23,237.57,77.39,177,90.76,93.59,474.57,228.17,396.51,7315.56
12345678903,10/8/23,341.45,74.53,124.75,395.51,485.68,138.71,143.07,241.72,492.08,141.79,209.42,446.83,11.43,29.49,306,454.62,127.04,240.12,230.73,241.76,315.03,240.17,229.26,242.4,299.53,273.13,428.53,34.25,418.33,423.52,7780.86
12345678903,9/8/23,236.8,224.88,117.07,204.43,31.75,146.13,410.17,149.44,410.92,270.48,441.13,291.64,24.54,340.96,31.98,230.79,465.42,90.95,201.04,367.63,442.31,338.76,136.5,340.56,155.4,362.03,477.48,363.48,432.81,11.03,7748.52
12345678903,8/9/23,416.5,29.87,437.08,135.78,335.99,402.17,334.71,55.22,302.2,279.3,451.16,208.08,167.33,377.43,212.21,326.59,326.76,445.14,303.36,256.06,78.05,66.71,85.62,94.21,322.56,373.08,269.7,416.22,495.72,411.81,8416.59
12345678903,7/10/23,270.92,229.94,51.35,205.69,455.97,405.93,115.87,238.64,410.19,43.02,199.82,427.4,836.18,48.03,275.84,432.25,631.44,120.88,198.28,230.56,293.84,382.08,58.45,445.93,16.03,191.33,23.44,798.55,267.65,260.72,8566.22
12345678903,6/10/23,482.37,198.26,29.11,25.17,200.11,88.41,21.44,380.54,234.68,151.73,451.04,66.91,478.4,163.84,445.32,305.44,415.09,492.17,151.32,480.96,200.85,198.9,176.79,275.29,85.53,281.32,275.44,383.33,418.49,225.82,7784.05
12345678903,5/11/23,137.07,454.03,38.25,177.8,142.42,483.54,283.28,180.17,294.43,78.21,227.58,316.85,249.56,206.87,496.99,441.35,315.47,288.99,314.12,108.64,203.62,29.34,243.02,276.08,121.6,2857.08,455.63,363.85,1482.25,436.28,11704.38
12345678903,4/11/23,209.72,415.48,384.62,291.03,478.46,108.23,63.54,428.44,225.18,425.01,447.61,40.6,442.9,229.68,260.11,317.03,463.93,19.37,243.65,346.98,364.13,349.34,75.87,156.7,185.77,404.17,146.59,113.25,479.15,14.34,8130.91
12345678904,Service total,709.14,845.62,365.16,112.88,764.08,850.73,766.43,228.57,778.09,792.03,692.69,789.5,861.33,652.24,179.74,538.87,169.88,466.79,466.4,159.41,413.94,199.9,827.41,952.92,165.08,959.6,570.32,369.61,169.18,550.56,16368.1
12345678904,3/1/25,399.31,356.47,34.61,45.72,207.41,154.69,123.87,147.69,403.71,465.32,208.5,453.99,167.53,243.45,120.75,323.83,489.7,305.71,185.33,327.43,70.23,445.44,256.51,230.18,297.07,316.14,45.17,344.48,128.55,359.84,7658.67
12345678904,1/30/25,403.94,280.73,264.88,80.01,389.92,142.99,253.38,149.29,75.58,318.48,36.62,376.84,165.62,10.07,260.45,32.96,145.32,356.42,40.72,421.28,11.87,130.94,373.04,164.97,59.93,186.51,142.49,422.93,163.54,396.58,6258.3
12345678904,12/31/24,222.57,455.87,194.89,482.4,53.75,346.64,251.97,199.95,320.03,354.89,12.14,91.81,359.39,336.53,483.36,382.91,475.88,354.24,156.05,61.63,393.09,325.63,33.61,186.42,478.83,255.2,222.04,234.27,112.35,190.67,8029.01
12345678904,12/1/24,35.65,386.11,214.09,412.87,426.67,113.88,332.1,241.42,441.28,115.71,342.13,307.8,154.7,76.93,329.3,371.91,164.66,325.97,203.61,359.47,107.62,446.21,150.83,190.22,38.47,64.64,262.77,141.12,419.39,17.2,7194.71
12345678904,11/1/24,175.3,19.47,70.94,212.68,251.5,883.43,270.16,301.61,14.86,1212.6,482.11,264.33,342,162.81,389.26,388.73,265.44,488.25,71.52,18.3,387.38,405.51,68.9,140.14,52.45,153.72,388.84,263.8,180.57,192.15,8518.77
12345678904,10/2/24,365.56,313.67,449.08,425.13,164.42,145.36,491.01,268.36,454.15,90.3,324.98,406.83,474.22,175.3,365.24,274.02,39.71,348.1,348.15,466,253.68,122.82,31.84,213.66,157.94,382.93,183.59,475.04,481.53,314.25,9006.86
12345678904,9/2/24,382.82,277.96,98.35,234.71,284.83,433.34,245.85,449.86,340.43,77.13,497.54,268.34,202.01,332.97,63.36,321.9,254.14,209.27,476.98,266.04,117.37,234.89,460.5,96.29,114.84,16.38,16.95,416.4,368.74,183.97,7744.18
12345678904,8/3/24,203.65,476.92,483.86,202.47,428.57,2293.02,161.9,681.51,494.89,392.86,480.48,384.15,429.05,305.5,419.35,394.37,194.72,280.48,404.33,32.57,405.96,97.17,262.19,406.05,134.37,130.45,207.35,448.37,10.22,451.68,11698.46
12345678904,7/4/24,421.51,378.37,122.06,478.6,82.61,342.98,120.2,221.38,362.39,286.03,219.48,169.91,421.43,80.47,220.75,452.84,424.47,206.46,383.92,413.35,445.55,276.81,110.19,135.1,154.89,300.96,26.08,321.66,188.53,154.67,7923.63
12345678904,6/4/24,235.4,56.58,415.11,33.34,366.11,389.21,182.78,414.15,262.67,237.01,32.25,152.11,466.19,201.99,277.88,270.69,299.31,40.05,187.47,364.33,108.27,109.75,14.94,224.37,442.54,35.43,103.65,161.94,368.55,323.91,6778
12345678904,5/5/24,381.94,308.72,449.06,410.83,133.88,143,71.42,175.11,499.78,208.82,118.04,383.62,275.81,83.3,196.54,213.09,379.38,20.13,499.5,263.62,141.73,317.93,246.12,187.24,475.11,319.76,73.67,284.44,392.56,357.16,8011.32
12345678904,4/5/24,89.89,395.24,369.88,198.33,22.34,421.11,15.59,354.81,485.43,224.45,125.14,355.39,410.39,277.75,483.85,35.32,257.35,362.04,432.69,97.84,402,280.83,204.31,74.54,433.99,87.06,161.8,152.12,436.99,339.62,7988.11
12345678904,3/6/24,132.73,316.19,290.16,418.09,453.98,15.96,340.27,35.4,278.94,150.94,160.32,182.95,314.43,173.68,369.02,208.22,43.49,394.04,150.02,222.06,345.87,172.9,37.73,193.22,472.78,324.45,339.02,319.82,107.51,214.98,7179.17
12345678904,2/5/24,59.67,146.15,145.4,221.69,490.38,43.08,264.16,97.89,485.63,65.52,207.76,371.56,355.23,217.14,179.8,204.83,139.5,110.61,246.69,141.58,150.86,331.81,484.58,305.78,47.72,47.04,476.2,155.67,55.11,303.53,6552.57
12345678904,1/6/24,327.77,141.03,17.4,482.86,132.94,341.25,1878.67,308.9,163.32,142.84,302.86,434.39,473.9,349.46,85.87,472.92,370.9,442.67,109.29,297.92,353.56,343.25,209.99,17.54,295.63,134.02,230.62,1014.98,452.18,421.5,10750.44
12345678904,12/7/23,184.43,17.75,47.8,456.47,183.88,218.14,115.52,302.58,301.45,192.38,173.19,443.63,197.81,251.82,148.82,395.52,204.75,261.67,134.15,493.95,152.83,387.66,219.47,111.05,401.86,173.47,433.94,458.48,431.31,27.15,7522.93
12345678904,11/7/23,211.56,438.12,322.6,418.49,254.72,272.16,80.75,394.15,215.5,255.04,394.7,303.43,108.54,299.21,209.74,240.07,23.87,112.91,147.71,359.35,15.63,210.3,462.77,64.82,263.05,395.4,471.84,375.92,363.08,414.98,8100.42
12345678904,10/8/23,404.86,13.9,463.03,227.22,281.16,134.89,373.84,47.55,437.59,415.78,115.87,406.57,395.32,319.79,193.02,143.03,123.57,166.12,452.74,48.04,416.15,180.96,265.58,399.3,443.34,178.94,236.3,213.11,16.49,155.01,7669.1
12345678904,9/8/23,211.44,363.75,198.55,249.79,220.51,372.91,432.86,270.63,396.82,155.43,275.27,179.16,212.96,368.88,442.01,69.53,320.97,295.25,68.02,113.83,162.39,91.8,129.43,141.12,174.48,377.2,290.24,493.26,213.22,379.39,7671.1
12345678904,8/9/23,342.7,211.81,379.26,109.8,170.5,277.88,291.95,20.85,473.11,351.35,252.89,467.23,225.16,490.41,261.02,66,384.75,342.66,388.76,476.21,390.48,309.55,430.08,339.89,209.98,443.95,118.73,360.17,441.97,368.35,9397.46
12345678904,7/10/23,378.79,237.88,438.34,109.68,72.42,149.9,270.47,260.18,412.09,208.24,247.33,16.55,210.77,327.41,17.6,147.63,111.9,30.57,244.84,99.04,374.11,425.48,277.34,491.04,230.73,261.55,494.72,123.46,471.85,30.99,7172.91
12345678904,6/10/23,44.3,367.33,308.12,356.25,193.5,191.05,32.21,181.47,465.35,195.82,417.37,422.74,192.89,319.67,56.73,60.8,33.84,294.7,218.77,278.54,265.33,181.6,341.96,381.67,17.17,111.55,359.49,199.44,334.62,180.01,7004.28
12345678904,5/11/23,87.75,136.53,306.65,222.25,389.41,427.77,275.41,381.55,160.38,213.34,359.26,199.24,298.37,100.83,303.89,432.14,435.63,364.93,375.42,283.38,296.49,75.49,227.49,230.88,479.66,221.23,279.18,271.29,322.01,376.63,8534.5
12345678904,4/11/23,269.07,855.51,236.93,146.44,330.81,413.65,84.69,390.63,412.61,236.15,491.82,395.49,389.09,2133.07,83.8,116.44,237.36,139.36,213.47,445.35,413.92,318.72,430.48,394.05,220.2,108.52,261.96,1788.74,223.85,336.72,12518.88
12345678905,Service total,378.06,219.38,560.47,104.81,944.57,473.33,462.1,451.53,162.4,674.49,759.7,708.51,224.59,620.96,612.54,881.57,441.21,434.34,656.67,669.77,522.36,498.75,544.73,874.94,515.05,945.94,553.6,954.28,849.55,426.19,17126.41
12345678905,3/1/25,433.18,63.93,463.27,319.51,36.65,325.69,487.38,44.2,281.8,376.42,407.03,212.78,110.04,30.75,294.07,231.93,474.88,39.7,345.84,22.23,94,232.25,232.89,345.99,456,323.13,477.23,441.99,296.4,418.56,8319.73
12345678905,1/30/25,48.49,372.88,56.51,301.1,354.29,42.6,123.09,458.68,311.99,130.68,348.43,302.42,255.77,488.33,344.89,193.97,402.04,443.45,71.36,108.27,115.95,348.69,305.49,313.31,470.98,390.2,72.69,180.28,223.34,204.02,7784.19
12345678905,12/31/24,447.03,159.97,280.42,396.81,213.95,92.38,242.73,37.06,471.77,46.66,224.84,269.64,492.8,91.35,66.07,14.27,86.23,111.56,318.98,117.66,20.06,415.04,189.14,183.31,158.21,487.93,93.36,450.14,390.63,47.48,6617.47
12345678905,12/1/24,142.97,58.31,416.36,356.27,312.44,86.43,244.46,392.47,158.78,162.73,11.54,95.38,438.95,226.46,492.27,203.9,360.44,148.14,188.27,103.46,180.06,278.15,495.97,335.46,107.63,32.03,71.91,285.65,1390.02,470.81,8247.7
12345678905,11/1/24,485.42,466.84,373.39,146.91,74.51,428.8,91,428.59,250.47,209.21,452.56,305.89,292.54,283.8,191.87,394.97,133.87,470.06,448.05,175.37,367.44,290.88,175.45,494.38,22.37,133.8,264.84,265.76,298.58,378.32,8795.91
12345678905,10/2/24,304.14,36.22,194.5,123.71,140.03,281.63,107.76,154.04,126.17,474.77,472.89,308.87,463.02,395.05,299.07,13.15,388.53,354.22,311.47,382.61,261.33,355,468.23,194.14,356.98,243.09,340.46,383.82,32.27,326.83,8294
12345678905,9/2/24,338.32,239.48,389.04,70.47,316.9,146.45,427.96,464.91,498.24,400.04,379.33,115.6,174.64,238.18,388.96,458.33,102.68,461.96,350.86,309.28,107.92,37.21,288.55,329.24,113.28,282.66,429.68,419.18,464.4,189.28,8933.03
12345678905,8/3/24,377.22,221.25,52.9,148.57,1133.53,153.33,172.78,153.95,30.33,1809.81,302.67,330.16,104.23,344.19,313.61,303.82,258.1,181.7,457.34,176.49,233.25,342.28,1388.19,179.97,223.47,399.3,146.28,79.71,163.45,426.27,10608.14
12345678905,7/4/24,13.37,114.1,335.13,211.49,207.18,443.45,448.83,455.5,163.8,348.62,143.1,103.4,100.47,177.63,220.68,417.17,68.75,370.11,270.41,151.09,251.48,156.97,302.08,222.58,90.56,67.13,277.88,452.18,178.54,369.17,7132.83
12345678905,6/4/24,466.46,412.28,287.64,331.94,450.21,205.76,170.13,15.3,415.01,402.48,61.18,292.66,237.35,68.17,490.48,115.2,42.94,301.48,372.04,25.9,332.77,270.82,60.6,94.54,288.31,155.22,469.77,411.18,491.95,137.24,7877.02
12345678905,5/5/24,221.3,180.28,34.67,35.85,349.09,234.39,121,310.85,133.9,293.04,186.01,413.54,412.14,243.9,181.9,187.65,404.8,170.81,112.44,51.5,238.68,246.24,422.05,118.41,196.69,406.12,413.58,198.46,234.97,158.61,6912.86
12345678905,4/5/24,68.14,467.54,345.09,270.47,26,243.04,209.8,89,331.64,485.86,285.47,360.23,43.54,214.66,67.02,310.27,469.86,334.27,47.63,183.79,279.83,207.57,418.49,409.19,309.8,192.99,135.11,61.88,183.9,212.45,7264.52
12345678905,3/6/24,332.5,44.35,203.68,99.07,86.84,415.38,30.54,215.4,92.42,440.87,282.95,123.38,256.19,368.43,479.48,118.02,444.23,467.81,459.05,321.35,318.61,207.57,378.67,270.33,341.94,219.94,368.43,413.99,81.75,418.14,8301.32
12345678905,2/5/24,423.89,221.34,195.73,458.38,133.07,2262.28,247.17,261.91,161.15,290.79,169.35,29.24,143.28,13.13,489.39,483.22,203.63,366.9,179.44,338.84,404.66,473.91,206.1,393.82,140.3,495.26,22.63,305.73,333.16,347.14,10194.83
12345678905,1/6/24,487.6,76.38,123.42,435.52,463.97,215.62,34.81,29.3,291.24,202.52,24.04,295.79,15.54,395.81,160.15,29.73,298.29,204.87,487.16,276.66,144.87,357.63,143.03,453.08,193.61,279.44,34.78,218.8,417.86,404.77,7196.26
12345678905,12/7/23,120.78,410.48,465.9,56.73,230.53,175.35,436.64,303.48,113.45,378.71,35.13,251.34,226.63,173.86,203.34,269.67,89.07,290.28,404.66,382.48,182.76,83.13,141.41,186.93,210.14,343.05,37.77,26.99,202.04,351.61,6784.33
12345678905,11/7/23,24.71,227.82,257.26,67.47,92.84,182.38,383.22,258.47,322.57,492.74,386.32,222.84,228.76,313.2,336.03,255.35,325.98,21.53,220.52,146.68,73.3,58.78,305.56,266.56,134.26,240.77,251.19,105.55,329.53,392.65,6924.83
12345678905,10/8/23,305.21,260.7,39.89,151.04,55.7,482.27,76.19,84.37,445.89,472.52,385.26,12.65,10.66,195.27,80.26,19.01,237.39,472.1,168.67,333.96,329.6,133.03,328.71,114.04,69.78,353.68,65.59,498.49,99.89,301.13,6582.96
12345678905,9/8/23,71.93,23.64,315.14,405.31,422.59,246.53,390.95,339.7,364.88,251.37,320.37,404.71,204.96,404.93,300.09,91.29,22.1,187.75,277.88,421.51,72.47,402.1,432.87,83.84,427.28,495.81,366.15,394.54,497.26,306.69,8946.65
12345678905,8/9/23,420.39,311.1,294.79,134.28,380.6,50.02,462.9,169.65,72.61,742.23,30.81,345.47,452.33,420.26,72.41,71.87,2221.97,462.88,932.57,254.5,165.95,448.19,326,590.73,156.4,446.69,16.68,168.14,281.63,82.63,10986.68
12345678905,7/10/23,300.23,350.38,188.69,371.87,336.64,68.59,290.59,135.8,1942.04,218.71,497.4,55.33,392.37,340.11,1325.97,160.69,251.11,400.29,123.95,120.76,280.01,266.55,148.31,156.06,617.58,388.04,329.43,417.88,487.98,242.34,11205.69
12345678905,6/10/23,456.56,20.26,164.73,37.87,385.6,354.03,172.36,341.07,204.01,380.56,232.55,212.02,468.02,132.93,69.02,296.43,484.97,195.14,40.4,176.26,257.91,89.34,332.47,498.9,231.35,183.82,206.35,66.42,442.8,213.26,7347.4
12345678905,5/11/23,333.25,226.6,327.63,40.11,408.72,470.85,327.9,477.74,84.2,243.93,304.89,295.05,206.72,175.66,72.14,201.95,89.7,369.84,112.33,38.7,280.66,301.66,437.24,292.72,179.29,403.48,274.74,48.85,287.27,454.93,7768.73
12345678905,4/11/23,155.2,80.3,84.21,222.06,301.88,49.5,470.39,380.02,297.45,415.93,49.29,243.65,318.75,416.04,393.9,145.76,471.03,70.93,438.82,485.76,96.81,363.81,29.74,208.66,262.98,294.52,468.61,339.4,245.83,406.74,8207.95